time,drug,cens,logwbc,sex
1,0,1,2.8,1
1,0,1,5,1
2,0,1,4.91,1
2,0,1,4.48,1
3,0,1,4.01,1
4,0,1,4.36,1
4,0,1,2.42,1
5,0,1,3.49,1
5,0,1,3.97,0
8,0,1,3.52,0
8,0,1,3.05,0
8,0,1,2.32,0
8,0,1,3.26,1
11,0,1,3.49,0
11,0,1,2.12,0
12,0,1,1.5,0
12,0,1,3.06,0
15,0,1,2.3,0
17,0,1,2.95,0
22,0,1,2.73,0
23,0,1,1.97,1
6,1,0,3.2,0
6,1,1,2.31,0
6,1,1,4.06,1
6,1,1,3.28,0
7,1,1,4.43,0
9,1,0,2.8,0
10,1,0,2.7,0
10,1,1,2.96,0
11,1,0,2.6,0
13,1,1,2.88,0
16,1,1,3.6,1
17,1,0,2.16,0
19,1,0,2.05,0
20,1,0,2.01,1
22,1,1,2.32,1
23,1,1,2.57,1
25,1,0,1.78,1
32,1,0,2.2,1
32,1,0,2.53,1
34,1,0,1.47,1
35,1,0,1.45,1
