种群规模,交叉率,变异率,选择策略,交叉策略,变异策略,最短距离,耗时(秒)
50,0.7,0.05,default,ox,swap,578.32,3.39
50,0.7,0.05,default,ox,inverse,570.03,3.379
50,0.7,0.05,default,obx,swap,642.94,2.259
50,0.7,0.05,default,obx,inverse,620.2,2.136
50,0.7,0.05,truncation,ox,swap,505.71,2.518
50,0.7,0.05,truncation,ox,inverse,478.37,2.689
50,0.7,0.05,truncation,obx,swap,642.55,2.152
50,0.7,0.05,truncation,obx,inverse,527.47,2.067
50,0.7,0.05,tournament,ox,swap,522.23,3.019
50,0.7,0.05,tournament,ox,inverse,459.89,3.342
50,0.7,0.05,tournament,obx,swap,620.63,2.334
50,0.7,0.05,tournament,obx,inverse,473.28,2.481
50,0.7,0.05,ranking,ox,swap,713.09,3.286
50,0.7,0.05,ranking,ox,inverse,598.97,3.323
50,0.7,0.05,ranking,obx,swap,615.86,2.116
50,0.7,0.05,ranking,obx,inverse,581.02,2.131
50,0.7,0.2,default,ox,swap,676.02,3.326
50,0.7,0.2,default,ox,inverse,539.32,3.321
50,0.7,0.2,default,obx,swap,541.15,2.057
50,0.7,0.2,default,obx,inverse,557.83,2.086
50,0.7,0.2,truncation,ox,swap,565.91,2.507
50,0.7,0.2,truncation,ox,inverse,510.38,2.509
50,0.7,0.2,truncation,obx,swap,603.38,2.075
50,0.7,0.2,truncation,obx,inverse,466.51,2.132
50,0.7,0.2,tournament,ox,swap,530.51,2.863
50,0.7,0.2,tournament,ox,inverse,458.57,2.826
50,0.7,0.2,tournament,obx,swap,546.17,2.377
50,0.7,0.2,tournament,obx,inverse,458.57,2.407
50,0.7,0.2,ranking,ox,swap,722.9,3.363
50,0.7,0.2,ranking,ox,inverse,637.14,3.461
50,0.7,0.2,ranking,obx,swap,658.9,2.11
50,0.7,0.2,ranking,obx,inverse,523.8,2.095
50,0.9,0.05,default,ox,swap,618.82,4.202
50,0.9,0.05,default,ox,inverse,696.07,4.191
50,0.9,0.05,default,obx,swap,699.71,2.58
50,0.9,0.05,default,obx,inverse,500.99,2.557
50,0.9,0.05,truncation,ox,swap,466.7,3.124
50,0.9,0.05,truncation,ox,inverse,482.59,3.222
50,0.9,0.05,truncation,obx,swap,739.19,2.498
50,0.9,0.05,truncation,obx,inverse,496.66,2.523
50,0.9,0.05,tournament,ox,swap,567.82,3.435
50,0.9,0.05,tournament,ox,inverse,459.89,3.486
50,0.9,0.05,tournament,obx,swap,674.86,3.765
50,0.9,0.05,tournament,obx,inverse,522.14,3.4
50,0.9,0.05,ranking,ox,swap,708.94,5.399
50,0.9,0.05,ranking,ox,inverse,656.73,4.981
50,0.9,0.05,ranking,obx,swap,658.42,3.578
50,0.9,0.05,ranking,obx,inverse,808.9,3.265
50,0.9,0.2,default,ox,swap,663.56,5.09
50,0.9,0.2,default,ox,inverse,550.67,4.924
50,0.9,0.2,default,obx,swap,693.9,2.609
50,0.9,0.2,default,obx,inverse,491.1,2.556
50,0.9,0.2,truncation,ox,swap,592.19,3.421
50,0.9,0.2,truncation,ox,inverse,466.66,3.462
50,0.9,0.2,truncation,obx,swap,558.17,3.002
50,0.9,0.2,truncation,obx,inverse,510.24,3.169
50,0.9,0.2,tournament,ox,swap,534.62,3.79
50,0.9,0.2,tournament,ox,inverse,459.89,4.3
50,0.9,0.2,tournament,obx,swap,569.17,3.943
50,0.9,0.2,tournament,obx,inverse,451.77,3.741
50,0.9,0.2,ranking,ox,swap,721.44,5.294
50,0.9,0.2,ranking,ox,inverse,698.95,4.159
50,0.9,0.2,ranking,obx,swap,825.44,3.082
50,0.9,0.2,ranking,obx,inverse,741.43,3.669
100,0.7,0.05,default,ox,swap,585.47,8.421
100,0.7,0.05,default,ox,inverse,582.24,8.591
100,0.7,0.05,default,obx,swap,540.11,5.243
100,0.7,0.05,default,obx,inverse,451.77,5.567
100,0.7,0.05,truncation,ox,swap,551.3,6.165
100,0.7,0.05,truncation,ox,inverse,474.91,5.742
100,0.7,0.05,truncation,obx,swap,558.39,4.532
100,0.7,0.05,truncation,obx,inverse,451.77,4.602
100,0.7,0.05,tournament,ox,swap,526.72,5.754
100,0.7,0.05,tournament,ox,inverse,466.66,5.577
100,0.7,0.05,tournament,obx,swap,568.14,4.7
100,0.7,0.05,tournament,obx,inverse,458.57,4.737
100,0.7,0.05,ranking,ox,swap,652.67,6.859
100,0.7,0.05,ranking,ox,inverse,524.96,6.637
100,0.7,0.05,ranking,obx,swap,472.39,4.229
100,0.7,0.05,ranking,obx,inverse,510.73,4.184
100,0.7,0.2,default,ox,swap,628.35,6.826
100,0.7,0.2,default,ox,inverse,573.82,6.778
100,0.7,0.2,default,obx,swap,622.47,4.189
100,0.7,0.2,default,obx,inverse,531.38,4.324
100,0.7,0.2,truncation,ox,swap,638.42,5.151
100,0.7,0.2,truncation,ox,inverse,459.89,5.117
100,0.7,0.2,truncation,obx,swap,633.71,4.153
100,0.7,0.2,truncation,obx,inverse,481.68,4.154
100,0.7,0.2,tournament,ox,swap,545.19,5.702
100,0.7,0.2,tournament,ox,inverse,487.28,5.794
100,0.7,0.2,tournament,obx,swap,590.85,4.897
100,0.7,0.2,tournament,obx,inverse,484.89,4.886
100,0.7,0.2,ranking,ox,swap,549.87,6.721
100,0.7,0.2,ranking,ox,inverse,540.4,7.655
100,0.7,0.2,ranking,obx,swap,660.62,4.574
100,0.7,0.2,ranking,obx,inverse,479.0,5.055
100,0.9,0.05,default,ox,swap,808.2,8.372
100,0.9,0.05,default,ox,inverse,693.26,8.457
100,0.9,0.05,default,obx,swap,599.44,4.929
100,0.9,0.05,default,obx,inverse,608.42,5.006
100,0.9,0.05,truncation,ox,swap,561.1,6.151
100,0.9,0.05,truncation,ox,inverse,529.11,6.111
100,0.9,0.05,truncation,obx,swap,608.95,5.0
100,0.9,0.05,truncation,obx,inverse,486.13,5.057
100,0.9,0.05,tournament,ox,swap,510.61,6.803
100,0.9,0.05,tournament,ox,inverse,451.77,6.898
100,0.9,0.05,tournament,obx,swap,524.25,5.675
100,0.9,0.05,tournament,obx,inverse,451.77,5.653
100,0.9,0.05,ranking,ox,swap,673.56,8.22
100,0.9,0.05,ranking,ox,inverse,611.76,8.195
100,0.9,0.05,ranking,obx,swap,498.32,4.891
100,0.9,0.05,ranking,obx,inverse,458.57,4.91
100,0.9,0.2,default,ox,swap,847.08,10.206
100,0.9,0.2,default,ox,inverse,656.38,10.407
100,0.9,0.2,default,obx,swap,760.38,6.147
100,0.9,0.2,default,obx,inverse,652.23,6.32
100,0.9,0.2,truncation,ox,swap,522.73,7.248
100,0.9,0.2,truncation,ox,inverse,466.51,7.259
100,0.9,0.2,truncation,obx,swap,556.27,6.03
100,0.9,0.2,truncation,obx,inverse,451.77,6.315
100,0.9,0.2,tournament,ox,swap,515.58,8.401
100,0.9,0.2,tournament,ox,inverse,460.67,8.017
100,0.9,0.2,tournament,obx,swap,551.14,6.75
100,0.9,0.2,tournament,obx,inverse,504.15,7.106
100,0.9,0.2,ranking,ox,swap,655.8,10.12
100,0.9,0.2,ranking,ox,inverse,647.17,10.236
100,0.9,0.2,ranking,obx,swap,659.32,6.307
100,0.9,0.2,ranking,obx,inverse,561.79,5.252
200,0.7,0.05,default,ox,swap,567.22,13.314
200,0.7,0.05,default,ox,inverse,644.72,14.403
200,0.7,0.05,default,obx,swap,523.15,8.035
200,0.7,0.05,default,obx,inverse,638.35,8.081
200,0.7,0.05,truncation,ox,swap,577.56,9.614
200,0.7,0.05,truncation,ox,inverse,459.89,9.677
200,0.7,0.05,truncation,obx,swap,639.38,8.103
200,0.7,0.05,truncation,obx,inverse,506.92,7.943
200,0.7,0.05,tournament,ox,swap,493.87,11.506
200,0.7,0.05,tournament,ox,inverse,458.53,11.54
200,0.7,0.05,tournament,obx,swap,538.42,9.742
200,0.7,0.05,tournament,obx,inverse,485.12,11.303
200,0.7,0.05,ranking,ox,swap,501.23,12.053
200,0.7,0.05,ranking,ox,inverse,458.53,12.073
200,0.7,0.05,ranking,obx,swap,499.62,8.118
200,0.7,0.05,ranking,obx,inverse,488.9,8.094
200,0.7,0.2,default,ox,swap,668.77,13.269
200,0.7,0.2,default,ox,inverse,512.59,13.406
200,0.7,0.2,default,obx,swap,693.9,8.199
200,0.7,0.2,default,obx,inverse,536.62,8.302
200,0.7,0.2,truncation,ox,swap,505.89,9.883
200,0.7,0.2,truncation,ox,inverse,487.99,10.042
200,0.7,0.2,truncation,obx,swap,583.68,8.291
200,0.7,0.2,truncation,obx,inverse,516.68,9.535
200,0.7,0.2,tournament,ox,swap,521.21,14.954
200,0.7,0.2,tournament,ox,inverse,451.77,13.986
200,0.7,0.2,tournament,obx,swap,514.25,11.476
200,0.7,0.2,tournament,obx,inverse,506.5,10.912
200,0.7,0.2,ranking,ox,swap,451.77,15.115
200,0.7,0.2,ranking,ox,inverse,451.77,16.439
200,0.7,0.2,ranking,obx,swap,529.62,10.779
200,0.7,0.2,ranking,obx,inverse,483.34,10.812
200,0.9,0.05,default,ox,swap,694.26,18.754
200,0.9,0.05,default,ox,inverse,752.12,16.782
200,0.9,0.05,default,obx,swap,571.45,9.965
200,0.9,0.05,default,obx,inverse,709.14,10.106
200,0.9,0.05,truncation,ox,swap,536.7,11.973
200,0.9,0.05,truncation,ox,inverse,466.66,12.049
200,0.9,0.05,truncation,obx,swap,692.28,9.872
200,0.9,0.05,truncation,obx,inverse,485.24,9.864
200,0.9,0.05,tournament,ox,swap,458.53,13.734
200,0.9,0.05,tournament,ox,inverse,458.57,13.845
200,0.9,0.05,tournament,obx,swap,550.74,12.566
200,0.9,0.05,tournament,obx,inverse,451.77,11.805
200,0.9,0.05,ranking,ox,swap,451.77,13.118
200,0.9,0.05,ranking,ox,inverse,451.77,13.843
200,0.9,0.05,ranking,obx,swap,504.43,9.92
200,0.9,0.05,ranking,obx,inverse,541.75,10.137
200,0.9,0.2,default,ox,swap,726.78,16.56
200,0.9,0.2,default,ox,inverse,775.14,16.575
200,0.9,0.2,default,obx,swap,622.01,10.073
200,0.9,0.2,default,obx,inverse,585.69,10.805
200,0.9,0.2,truncation,ox,swap,451.77,15.543
200,0.9,0.2,truncation,ox,inverse,460.67,15.205
200,0.9,0.2,truncation,obx,swap,579.25,11.991
200,0.9,0.2,truncation,obx,inverse,451.77,11.73
200,0.9,0.2,tournament,ox,swap,534.09,17.459
200,0.9,0.2,tournament,ox,inverse,451.77,16.402
200,0.9,0.2,tournament,obx,swap,510.36,13.869
200,0.9,0.2,tournament,obx,inverse,453.9,13.845
200,0.9,0.2,ranking,ox,swap,512.02,18.027
200,0.9,0.2,ranking,ox,inverse,526.84,17.551
200,0.9,0.2,ranking,obx,swap,553.36,10.273
200,0.9,0.2,ranking,obx,inverse,517.65,10.506
